"DESCRIPTION","DURATION IN MS","NAME","PARENT SUITE","START TIME","STATUS","STOP TIME","SUB SUITE","SUITE","TEST CLASS","TEST METHOD"
"","11849","test_unified_chat_flow","tests","Thu Sep 11 07:20:16 UTC 2025","passed","Thu Sep 11 07:20:28 UTC 2025","ExampleTestCase","test_new_chat","",""
"","27187","test_unified_chat_flow","tests","Thu Sep 11 07:20:07 UTC 2025","passed","Thu Sep 11 07:20:34 UTC 2025","ExampleTestCase","test_new_chat","",""
"","9639","test_unified_chat_flow","tests","Thu Sep 11 07:20:27 UTC 2025","passed","Thu Sep 11 07:20:36 UTC 2025","ExampleTestCase","test_new_chat","",""
"","10905","test_unified_chat_flow","tests","Thu Sep 11 07:20:11 UTC 2025","passed","Thu Sep 11 07:20:21 UTC 2025","ExampleTestCase","test_new_chat","",""
"","14065","test_unified_chat_flow","tests","Thu Sep 11 07:20:13 UTC 2025","passed","Thu Sep 11 07:20:28 UTC 2025","ExampleTestCase","test_new_chat","",""
"","19651","test_unified_chat_flow","tests","Thu Sep 11 07:20:10 UTC 2025","passed","Thu Sep 11 07:20:30 UTC 2025","ExampleTestCase","test_new_chat","",""
"","16112","test_unified_chat_flow","tests","Thu Sep 11 07:20:14 UTC 2025","passed","Thu Sep 11 07:20:30 UTC 2025","ExampleTestCase","test_new_chat","",""
"","46752","test_unified_chat_flow","tests","Thu Sep 11 07:20:19 UTC 2025","passed","Thu Sep 11 07:21:05 UTC 2025","ExampleTestCase","test_new_chat","",""
"","16437","test_sent_message","tests","Wed Aug 20 10:26:49 UTC 2025","passed","Wed Aug 20 10:27:05 UTC 2025","ExampleTestCase","test_example","",""
